latitude,longitude,brightness,frp,acq_datetime,calendar_date,sensor,satellite,daynight
22.36998,91.37577,312.95,8.59,2026-09-29 03:02:00,2026-09-29,MODIS,Terra,D
25.54339,91.23318,299.08,0.5,2026-09-29 20:14:00,2026-09-29,VIIRS,N20,N
26.52332,89.18643,307.29,0.81,2026-09-29 20:14:00,2026-09-29,VIIRS,N20,N
22.05494,88.12339,313.81,3.01,2026-09-29 20:17:00,2026-09-29,VIIRS,N20,N
22.05397,88.12537,332.7,2.41,2026-09-30 07:29:00,2026-09-30,VIIRS,N20,D
26.20095,90.49501,333.19,5.53,2026-09-30 07:31:00,2026-09-30,VIIRS,N20,D
22.86464,89.53856,306.04,0.76,2026-09-30 19:55:00,2026-09-30,VIIRS,N20,N
23.69179,90.53477,305.22,0.49,2026-09-30 19:55:00,2026-09-30,VIIRS,N20,N
25.81193,88.88506,303.92,0.51,2026-09-30 19:55:00,2026-09-30,VIIRS,N20,N
22.05273,88.12406,329.02,2.1,2026-09-30 19:57:00,2026-09-30,VIIRS,N20,N
22.05606,88.1247,311.91,2.1,2026-09-30 19:57:00,2026-09-30,VIIRS,N20,N
26.33168,89.80757,338.19,3.51,2026-10-01 07:09:00,2026-10-01,VIIRS,N20,D
22.0535,88.12193,309.28,2.8,2026-10-01 19:38:00,2026-10-01,VIIRS,N20,N
22.47824,90.71021,309.1,0.52,2026-10-01 19:38:00,2026-10-01,VIIRS,N20,N
24.0442,91.01853,306.23,1.28,2026-10-01 19:38:00,2026-10-01,VIIRS,N20,N
24.63919,91.66329,303.56,0.58,2026-10-01 19:38:00,2026-10-01,VIIRS,N20,N
25.54306,91.23409,311.44,1.41,2026-10-01 19:38:00,2026-10-01,VIIRS,N20,N
25.81191,88.88246,306.18,0.8,2026-10-01 19:38:00,2026-10-01,VIIRS,N20,N
