latitude,longitude,brightness,brightness_background,scan,track,acq_date,acq_time,satellite,instrument,confidence,version,frp,daynight,sensor,acq_datetime
22.36998,91.37577,312.95,295.34,1.42,1.18,2026-09-29,302,Terra,MODIS,53,6.1NRT,8.59,D,MODIS,2026-09-29 03:02:00
25.54339,91.23318,299.08,285.61,0.56,0.51,2026-09-29,2014,N20,VIIRS,n,2.0NRT,0.5,N,VIIRS,2026-09-29 20:14:00
26.52332,89.18643,307.29,294.87,0.4,0.44,2026-09-29,2014,N20,VIIRS,n,2.0NRT,0.81,N,VIIRS,2026-09-29 20:14:00
22.05494,88.12339,313.81,289.81,0.42,0.45,2026-09-29,2017,N20,VIIRS,n,2.0NRT,3.01,N,VIIRS,2026-09-29 20:17:00
22.05397,88.12537,332.7,294.4,0.39,0.36,2026-09-30,729,N20,VIIRS,n,2.0NRT,2.41,D,VIIRS,2026-09-30 07:29:00
26.20095,90.49501,333.19,292.84,0.52,0.41,2026-09-30,731,N20,VIIRS,n,2.0NRT,5.53,D,VIIRS,2026-09-30 07:31:00
22.86464,89.53856,306.04,283.89,0.42,0.38,2026-09-30,1955,N20,VIIRS,n,2.0NRT,0.76,N,VIIRS,2026-09-30 19:55:00
23.69179,90.53477,305.22,286.17,0.45,0.39,2026-09-30,1955,N20,VIIRS,n,2.0NRT,0.49,N,VIIRS,2026-09-30 19:55:00
25.81193,88.88506,303.92,285.9,0.39,0.36,2026-09-30,1955,N20,VIIRS,n,2.0NRT,0.51,N,VIIRS,2026-09-30 19:55:00
22.05273,88.12406,329.02,294.16,0.39,0.36,2026-09-30,1957,N20,VIIRS,n,2.0NRT,2.1,N,VIIRS,2026-09-30 19:57:00
22.05606,88.1247,311.91,293.49,0.39,0.36,2026-09-30,1957,N20,VIIRS,n,2.0NRT,2.1,N,VIIRS,2026-09-30 19:57:00
26.33168,89.80757,338.19,298.5,0.39,0.36,2026-10-01,709,N20,VIIRS,n,2.0NRT,3.51,D,VIIRS,2026-10-01 07:09:00
22.0535,88.12193,309.28,295.32,0.47,0.4,2026-10-01,1938,N20,VIIRS,n,2.0NRT,2.8,N,VIIRS,2026-10-01 19:38:00
22.47824,90.71021,309.1,293.23,0.39,0.36,2026-10-01,1938,N20,VIIRS,n,2.0NRT,0.52,N,VIIRS,2026-10-01 19:38:00
24.0442,91.01853,306.23,293.01,0.39,0.36,2026-10-01,1938,N20,VIIRS,n,2.0NRT,1.28,N,VIIRS,2026-10-01 19:38:00
24.63919,91.66329,303.56,281.91,0.39,0.36,2026-10-01,1938,N20,VIIRS,n,2.0NRT,0.58,N,VIIRS,2026-10-01 19:38:00
25.54306,91.23409,311.44,288.29,0.4,0.37,2026-10-01,1938,N20,VIIRS,n,2.0NRT,1.41,N,VIIRS,2026-10-01 19:38:00
25.81191,88.88246,306.18,294.88,0.48,0.4,2026-10-01,1938,N20,VIIRS,n,2.0NRT,0.8,N,VIIRS,2026-10-01 19:38:00
26.10858,90.19553,343.59,302.35,0.57,0.43,2026-10-02,652,N20,VIIRS,n,2.0NRT,18.68,D,VIIRS,2026-10-02 06:52:00
24.52752,89.7381,306.77,287.87,0.51,0.49,2026-10-02,1917,N20,VIIRS,n,2.0NRT,1.12,N,VIIRS,2026-10-02 19:17:00
22.05235,88.12294,306.45,292.74,0.6,0.53,2026-10-02,1919,N20,VIIRS,n,2.0NRT,3.63,N,VIIRS,2026-10-02 19:19:00
22.05724,88.12357,313.83,293.53,0.6,0.53,2026-10-02,1919,N20,VIIRS,n,2.0NRT,3.88,N,VIIRS,2026-10-02 19:19:00
